title,date,path
Acoustic Demo,2015-08-03,2015-08-03.wav
House 2,2016-03-30,house.wav
House 3,2016-04-10,house 2.wav
House 1,2015-11-01,2.wav
Hip Hop,2015-10-19,10.wav
Fast Radiohead Beat,2015-10-25,11 2.wav
Psych Rock,2015-10-19,11.wav
Clavinet,2015-10-25,clav.wav
Clavinet 2,2015-10-25,clav_1.wav
Evil,2016-10-04,evil.wav,
Guitar Riff,2016-03-12,guitar 1.mp3
House Loop,2016-04-01,House loop.wav
Jazz,2015-10-25,jazz.wav
Percussion,2015-08-15,Output 1-2.wav
Fast bass and rhodes,2015-10-24,Output 11.wav
Looper Jam 1,2016-02-14,1.mp3
Looper Jam 2,2016-02-14,160214-194804.WAV.mp3
Looper Jam 3,2016-02-14,160214-193742.WAV.mp3
Looper Jam 4,2016-02-14,160214-193056.WAV.mp3
Insomnia,2013-10-20,Insomnia.mp3
Lead Guitar Idea,2016-02-12,110212-010935.WAV
